id;url;description
5a36b7d2-7c1b-4013-b932-e8c1c7d05f7b;http://jayden.net;../fake-data/blob/hipster.txt
b16ba2a5-1c82-4549-a7df-6380ce65c0d2;https://pinkie.com;../fake-data/blob/hipster.txt
83ec05e5-cc35-414f-81c0-a550d677da28;https://nils.net;../fake-data/blob/hipster.txt
0a29434b-3d53-4196-afaa-82a0294d0b20;http://johan.name;../fake-data/blob/hipster.txt
fe5c0eb0-2b23-46bb-97d0-f735eb8eee6f;https://chyna.info;../fake-data/blob/hipster.txt
e13d6cd3-075e-44d4-80c2-9239bb99c9bc;https://trystan.net;../fake-data/blob/hipster.txt
dad51153-cda1-4145-a277-10fce3ffa2db;http://guiseppe.net;../fake-data/blob/hipster.txt
96d5b0fc-ff70-4149-8076-cfae6eeaf019;http://merl.net;../fake-data/blob/hipster.txt
a81d0505-b568-4925-a1c3-5d8d956cba04;https://cleve.org;../fake-data/blob/hipster.txt
267c0d6e-dbe5-4fa0-9141-09f0e4d4ba04;https://jairo.com;../fake-data/blob/hipster.txt
