id;description
9ea161cd-14ad-4a07-99c6-3bb26946093a;../fake-data/blob/hipster.txt
b1797030-f44d-4b4b-a83e-4fb948b78895;../fake-data/blob/hipster.txt
80431e67-7ca8-4ec9-b072-f9c6b55cbab9;../fake-data/blob/hipster.txt
d8946ef7-6562-47dc-9aae-3be4af7dc021;../fake-data/blob/hipster.txt
e4a2ef44-7fa4-45a0-8272-d59cfcb7300d;../fake-data/blob/hipster.txt
7ed8ae87-3636-46e1-883b-4bb3f66d02cb;../fake-data/blob/hipster.txt
95b15d7f-d7a8-46a5-affa-8ba12a6fbdec;../fake-data/blob/hipster.txt
cfda445a-7256-48c7-83ee-367ddab6aaa0;../fake-data/blob/hipster.txt
d18d8299-802c-4f3d-8505-93534195fd66;../fake-data/blob/hipster.txt
9e91025a-8365-4ef7-b9e0-776c18336a27;../fake-data/blob/hipster.txt
